plant_name, yield_min, yield_max, yield_mean
fesc,4,6,5.5
lupn,1.72,2.15,1.935
oats,2.58,3.612,2.99925
pota,4.4,8.8,6.215
canp,1.82,3.64,2.764125
wwht,3.01,4.73,3.88075
trit,3.01,4.902,3.7625
barl,2.408,3.44,2.9885
rye,2.408,4.3,3.25725
csil,10,12.5,11.8125
